address,count
TMWF4RxhzPnsAL8FFcLUsEy4eYH8AUQkb7,1
TTCx7vv48rcibzbnd4Q821YH3qZyPCYXCz,70
TW2uDpt8ieq3FZDv1Fztbzgder5zE6VBpw,1
TYgob3jpEq3Y1vrkHeaPdV5JqfU7H3REyA,4
TKacNxTbYAFwsPhcWr6u3958Ri2yjByt4y,1
TDsqxiaoqusoVxABtqb32M82sahuWVabUz,6
TYmiCRoV83d6sXeGY8cwK59XJtPGfvBmG8,9
TNYh4i5NauwJqXUAdKm8qRER7p8CRtK6Ka,2
TUxSZFeF8j9VW49fjwvhVvWk4BqWtzxnf5,6
TJ9FnArmEfXjv8c5o5XpCtFcoh8uGeQ7g1,1
TKGDNbhpVfTsEkQoZ2VQ1V3vgVSJw1vUFQ,1
TWrU1R8USLLZLD2gZS5WAAKjWbJscQrwSf,2
TUqGWU6m9uvHJ6e5JqZ7br3gurM9aFzKC4,6
THXuGn64Rsd3cMKyjLgxznFWjPvddfXbTf,1
TWXdg9kTU6PJX7gtcc5UbTUy4qHWtZA9AL,3
TFZd4uC9PVLwv6fVNrRR9SbKa1CNyEg4bW,1
TP91MzZaDD67kZVV6mWurGhKDKiqNncuGR,3
TKYnGATg9SAtNQJy8Mp93eyMrvLjAnqBx6,1
TPsTuCxQ3M1ZBLPDyw9VKDHdXj65vuFu3j,3
TKUz4EjWc7pVrUnXfczRg3U81X1QauhsnF,1
TX1Auzh71faStSGmhGKV3GR22N43UJdpSY,5
TLCZBcHHadnS6XkWKBYQFw3DhU7GEVN4ZH,3
TRG5mkiMHbKVsjYYDHeLsBjnpD75aw374g,2
TC49Lbq8W9RRB3TTkHw8YaZacgFwdCuaTh,1
TRgfipxTMwwwPoyb5smrh9Z5oFX7Ed6DKc,1
TQAVXWUxwL9j8bVq3u2WTj9u3zZRw8VjCp,2
THBGWqqBVnq26HFmzU6YWFjbAxyHnGZ3iy,6
TAFcEFApZPruYYBu1qZm5rTVCHEXy6aUsD,1
TJsXLXbvZ61T8Mjs4KRTcnCGALXoiQwfb9,5
TTr9e62tYNVg4J5k9ZoJqU8QczKsZARXDc,2
TEXbonKwevbhiTzp24dgxR1PU2ay8yw6MC,1
TV2jA3C3UmHaPe6XYSCQUxiJ2YjWy9FmhC,4
TVvsrmEARC9YQut7u4dV8bkgH2uQvdhLYc,6
THqHfZ6w3EwqpaADnPpHNdu9KaD3L4RvnC,1
TTQtxaTYySeA5YMfvBWwFooFf9nLph59U3,3
TAvgz54rzdQGacPpf1jcjXezV3VuBG9zgb,6
TUctk2a6m6hkm5rNDUYTgAEE6Zr6v1a5BX,2
TLKPprHEuZ41yyv6RcY95ugdSuQ4LXucps,3
TYFZwX33558MyZBBfKgWF1AgaZE6XxYFEC,4
TCpzjX9aLaNzFModcYVQN9ov6oMd8GaBgp,5
TWezoh6yJ4itECRGH4MmAzhrXZZW6ufRMb,5
TMNtLqsPNUkAUfyHacTRLyYr3LneZrvfV8,2
TEPRxJM3ajGjH61X6bVthE52DgopvaC44V,3
TGoc1SxgbchqfXVp3ZnJQeHoVUyP9HzwLD,4
TXPieB3hH1T55RzUdXWqxyHQihdC2Z2pP5,2
TLCbDsQiHzjpANe4KEDamp7G4iLE2WxxPA,3
TMWyR1EbFJ5m8HXcxZALkeGenKNaMNPfMM,4
TJVvSjwvxgUCnfpsh8eLmPu49KEU746jmi,1
TGvCNx5ndTCXN3eaFBBrUvBMW3KJLvAeqJ,4
TGPBkEeKSMwrEoEbVHzYLic2JPtxivyzsi,1
TTtTSVDHXXqyADYkRGyfjfKwFyBk8oDdyo,3
TMdcz1ZUQ5Pdm73UpHJpxe1sTsrjHUmUCW,1
TCcejHYrBNtEWignWuDv99GMXcLZWQENKB,6
TFgQkt4GE1SYePgVGM24yL7Zz7PU7nmPN9,3
TYgzL6Fd7VvbPF2E186WzjR16gsYvdD8qr,4
TW7Euuu7wWGueX5D6F7j4MTghagLJ2uWBo,3
TD1oszReuDYEasdQHgHDMuKKXuAYs24hzm,1
TStHbyHU6hzwmcSd1LXoeaKTFibxSKoefH,2
TKwqpaiHQs98imkGKSJMCMsE26GCah6wvQ,1
TRGKL3hnRfu6kusk2JUC4A74BBSDwk8AR1,1
TN46GBwvLpJupTFawwdUVfrvc74ZVa3mp4,2
TYwyqAfDXYZBdmcZxL6XdvXswefnAEcP8i,1
TPQqhGDxC945yTDv3UxuRUPzLifSqywd6a,7
TLvSAVCjpLqW2PKgD4Gho5fz2ezQtHPEuz,1
TGbn8xS5U5Ga8bLn18hTuHmQpFUx5WsZrW,1
TDn93AAEg8SYiG7FxYeEzUQ6Bg8bNA9uws,3
TVzDpfGXi7bQEy3gTbRDvNW6RsyRiZrKYJ,1
TG7BdAn4A9GuagqXxFtyhTuJW5SaNEfsmr,4
TMXJvYiYQtUqsW9RNfw8BdMXfaEiaBDMSg,2
TGjWeeCueCuTq5i2KSAXRPWEW1qfn5uPNS,3
TM1DCUhCtVkNFxx2T7AwZwsSfwN3Ud2s6M,4
TW8M27QWiizfLGvvVH6u2Br9XJj9HrWykb,2
TQAy8ZQMS4pbEjP4HwVoFccQMeoAXnyb1S,1
TYgeVDJzyfJTm5kzDKwtMi5xXdV9yGcfML,2
TCdhcNmqxDXxvoz5QcjFX1mTH8ZmTFF7Qp,1
TT7u2PrHGKTPCMWsg8XhTq9HUXNr2AdxH9,1
TWHoc2MFpTMuUhxg5kD3qHLzytvZV7WwoL,1
TEqECwr38NCtuuR9pFxnAw3YVUecGjdjPr,6
TXnsowj3YUfo8kwp1CDiP5PFThCawwDzvH,3
TTLZLPmcUoyDyNLNPvoNsHAf2qBNR5kwLH,1
TQ7NcWpjE2NwGiNqBcqKWnkW4mvFUYLYrz,1
TWRMPGGV9oBSa1aVzVkeHmN2w711T4BgNh,3
TMAH6XerY9BfUUL4AYLHxKUSzzpjj7GSYW,3
TW9eMTDBST7R9TsjjGT3PLSLCQKms9rNpu,1
TDGwLEfFk5fXNdt9HWeATwj633846hPnde,1
TDJtSiYSpsJP77EsogyZs7XF9oQtQB1JTa,1
TVsxKuWZkMfSaJiKrBKarEHtximK8SRopB,5
TT8AEERxgXPT4carvSWvxjdh48EjEpG9rF,1
TXLiDLCpUipWARaFFGpKi4AE95PesshuFP,3
TG4yX5WAbrUeAign4wPWYcJborFbpcMJkE,1
TVYP7gNwqf526Kf436PiLdUXPapSr5aQFM,2
TJyqqFy6LP83mVqL7aaj7CGK6RJANV2rqm,1
TEWGFeNs4roan72GaXFjqfVnsTZT3YKRAb,2
TRVcsRpNqQmuNk4GnZ2vQZJHrRmrdRGPGA,2
TH7uLkoGXHmaSaZxam8n2Aw828N8PxeC8e,1
TM6kdT2CTYkQPcUA7ftVT3kE2i1EmpxFyF,1
THKNNq23XcnXVa5ygXE2MnLCAWA7DzKZvz,3
TVihwLisF8Pw1epvdUPjTBsZNbf2Lsbszh,1
TTbPmCp6BbXQqZPheWrcRSoy4NcpT4uCA4,1
TDcu32sU3Z1Bno5LUTfXs9E6P2eemB9P5V,1
TZBM8Qm7vWRse8ZSU3MDycmbXcBbFzWYcK,3
TS7yECzYyhPNH1i9xAbwX2SpyoYj8dEEvC,5
TRVXBiJ5Yowbfr2TKEYYeNRkFqGagtB4Qn,2
TXoA679eJZKJaXFfWmQrVLKQa64R4a8YKe,1
TLUNAv1U9D8SdcooUe8dWBvnYPSztsJ8zW,3
TFxQmvPLuL9jb8fb17Tvw8sJ2DzMyDQujt,1
TP1ic6KZJdHBD3SJKypW1CwsE5HH8j6GQF,1
TT6VXHME5z3vQjVAv2G18ECDv1ALhCd1mR,1
TXqGsHMFLfcXKgQbsHxFLTLZj777hFkisP,1
TVewjpwLBtoQ3YJvXSbnP2HVZXf25jE84B,4
TXgSuhBTSuAgY3thRC9nE2SvPkAPpH1oHV,1
TKXT5MGxq7ifs36EWMC8kwM1FhzntxRc9r,1
TBKQ1Tcnwp3cbzUF7gCQHtAUeRStAVPMqt,1
TAr6SK1JvQCWEi9kcr4YKz55svdxxYsH2t,1
TJfJuY2JB2X1rAJUckTVLprcaEFAyu9FAi,1
TKhxXBsgTQvPMq3t4oDQHLYzZHhtnvcY5B,1
TDWmUW1hP54W63aBwAbpbqwMqLer4SsRFD,2
THym1KFfdGGm5AHW9PynkbHGtuYHEokHPs,2
TPVWYHqNMJduW9TEmPBjoh6NTU3fGDka46,1
TQYcckdGTJeeDsm7Lv8w5qTkCogdNEiCSj,2
TFFwjQ1WJCEEDy3j3C6x8cdnWkvU7GMRY8,21
TMeEL25UuHjFBSMw5PdvTxZWY9BxV7FeH5,1
TDgtnS4q22NdG2zgUzi3ansE9gQ4wsDFZE,2
TKWenYQDvwKQQxUs3LNT7fRDLwDhazL4LZ,1
TVR9HArXJvTwQ31d1ENR58S5UAvsP9SNcx,1
TNeRRpDSe1EDhjnBNePqndYCiPkdMx4CFb,1
TCmuc4CHiRPgFWkD2dofVb79mZdZzhxCAK,1
TMyNnhcQcMYEUw8cTcsYH6PqjTCkF15JN5,2
TGLxVQ3f8msKc36xrgjB1JFo9Q1YfPXEF2,5
TWW5eiDySefuihgQeWfZqFqKgisrwW4vpo,1
TMZLpd9tTA8mQGsyK9Yxhd33x3eV7Ca6f8,1
TDNZHTj9ABn1E8SFRET9AYdDsQqj3FYCfT,7
TDVwmFcKgNDRgFgky4257dwew3kC2sjzFF,1
TQJcEAQ3yxeNHYRACuYXsM8ZdV4PBLqQLB,1
TYCf8U5DiETE8fBG3QdNt4nBpsUwW7v9R3,1
TTUVbXcZXHidN8By8xycfSRnT3ZuGWJzgY,1
TPMz4uLnAzUwq72WHbLoRdnVUxCwKFfWe6,1
TJvtiUm1ZqfcrYcEEixwEhEXkeAFQFSDkJ,4
TWA6swBvQvSiJeis27HcJsZb6J5AtwvFyU,1
TW9egLgQgEA2xZCiyPQFqrF5QyXvVQrZ37,1
TBV2oMeq5qPYPXLRAeHgygaCQjZbG5EUwc,2
TActorUUYpk1EmWeABb8AWwNUtqfuiz8pL,1
TL78MYL1NzDoE1p2FNvzeKaF5ymgnSH118,1
TGQz3AaqhHoo6d2RTSquYkGM2C4m2Cbkut,1
TDVjy6yGsJWVhQDeCwDZE1UWkYgF9ZLV5Q,1
TTNRWJPSYT8fMC52MnRB4pqLH7XqDbVxuq,1
TPHHHBMFdruyA5o3fz1DJK9UeDwfASDVH7,1
TN2Xp6BxHdowcTSe7jF7fokNwsDeQhHDT3,1
TUh7CYrLCKkoWQhQvfWi9GZ3i24DKd7kjR,1
TPNvBG1TKSxWCbAjYD8PiehJzmQWQBHtGj,1
TXEJqhZJkuJDtBtYtdeoo9BMgJVT6yggKf,1
TAwavvQeVzhtpc1Vczc9WRWCo2Gs45E79E,1
